Ref,Qty,Value,Manufacturer,MPN,Package,Rail/Function,Status,Notes
J1,1,Mezzanine 2x40,generic,2x40 1.27 mm header,PinHeader_2x40_P1.27mm_Vertical,mezzanine,DECIDED,Mates with the main board's J2. Both halves allocate all 80 pins and no pin's net differs across the connector.
J2,1,SJ1-3523N,Same Sky,SJ1-3523N,Jack_3.5mm_CUI_SJ1-3523N_Horizontal,line out,VERIFIED,"3.5 mm stereo, three conductors, no switch."
U1,1,SN74LVC1G74DCUR,Texas Instruments,SN74LVC1G74DCUR,VSSOP-8_2.3x2mm_P0.5mm,+3V3_CLK,VERIFIED,Divides the oscillator by two at a 50 % duty cycle by construction. Its own additive jitter is unpublished; no 74-series datasheet gives one.
U2,1,74AVC4T245,Texas Instruments,SN74AVC4T245PWR,TSSOP-16_4.4x5mm_P0.65mm,2.5 V / 3.3 V,VERIFIED,Translates the clock and the two oscillator enables across the domain boundary. 0012.
U3,1,SN74ALVCH16374DGGR,Texas Instruments,SN74ALVCH16374DGGR,TSSOP-48_6.1x12.5mm_P0.5mm,+3V3_REF,VERIFIED,"VIH is 2.0 V at a 3.3 V supply, against the 2.4 V the FPGA guarantees -- the only family that clears it with CMOS rather than BiCMOS outputs, and the supply IS full scale. Bus hold is settled against UG1003. 0008, 0012."
U4,1,SN74ALVCH16374DGGR,Analog Devices,LTM4622IV#PBF,TSSOP-48_6.1x12.5mm_P0.5mm,+2V5 and +1V0,VERIFIED,"Both RUN pins tied on. The enumeration gating 0009 specified was removed by 0014: it held the core rail off whenever no USB host was present, which on a wall-powered board is always."
U5,1,LT3045 element reference,Analog Devices,LT3045EDD#TRPBF,DFN-10-1EP_3x3mm_P0.5mm_EP1.65x2.38mm,precision rails,VERIFIED,"10 pins: DFN-10, not the DFN-12 the netlist carried. The element reference rail IS full scale, so its noise is the converter's."
U6,1,LT3045 clock chain,Macronix,MX25R6435FM2IH0,DFN-10-1EP_3x3mm_P0.5mm_EP1.65x2.38mm,+2V5 VDD_WA,UNVERIFIED,"64 Mbit, runs at 2.5 V where an ordinary 2.7 V part cannot. Supply range and quad-enable default not re-read. 0006."
U7,1,OPA1612AID,Texas Instruments,OPA1612AID,SOIC-8_3.9x4.9mm_P1.27mm,+/-5V analog,VERIFIED,"1.1 nV/sqrt(Hz), 40 MHz. The most consequential choice here: the analog stage is the floor. Six amplifiers, three packages."
U8,1,LT3094 op amp negative rail,Analog Devices,LT3094EDD#TRPBF,DFN-12-1EP_3x3mm_P0.45mm_EP1.65x2.38mm,-5V analog,VERIFIED,"Takes the mezzanine's -6 V. 13 pins, so DFN-12 is correct for this part where it was wrong for every LT3045."
U9,1,LT3045 header-side 2.5 V,Analog Devices,LT3045EDD#TRPBF,DFN-10-1EP_3x3mm_P0.5mm_EP1.65x2.38mm,+2V5 translator,VERIFIED,"The translator's A port faces the header and must be 2.5 V, but the header carries only +5V and ground, so the module regulates its own. Nothing on this rail reaches the signal, so a cheaper part would do; it is an LT3045 for consistency."
U10,1,OPA1612AID,Texas Instruments,OPA1612AID,SOIC-8_3.9x4.9mm_P1.27mm,+/-5V analog,VERIFIED,"1.1 nV/sqrt(Hz), 40 MHz. The most consequential choice here: the analog stage is the floor. Six amplifiers, three packages."
U11,1,OPA1612AID,Texas Instruments,OPA1612AID,SOIC-8_3.9x4.9mm_P1.27mm,+/-5V analog,VERIFIED,"1.1 nV/sqrt(Hz), 40 MHz. The most consequential choice here: the analog stage is the floor. Six amplifiers, three packages."
U12,1,LMK1C1104PWR,Texas Instruments,LMK1C1104PWR,TSSOP-8_4.4x3mm_P0.65mm,+3V3_CLK,VERIFIED,"17.5 fs additive jitter, 50 ps output skew -- skew between register packages behaves like element mismatch. Both clock inputs of a package hang on one output."
U14,1,"LT3045 op amp positive rail, +4.02 V from mezzanine 5 V",Analog Devices,LT3045EDD#TRPBF,DFN-10-1EP_3x3mm_P0.5mm_EP1.65x2.38mm,+5V analog,VERIFIED,"Takes the mezzanine's 5 V straight down to +4.53 V, chosen for 490 mV of headroom rather than for the swing, which needs only 3.43 V. This is what deleted the charge pump: the output swings +/-2.83 V peak and the OPA1612 reaches within 600 mV of its rails, so the positive supply needs about 3.5 V and the header already carried it. Only the negative rail ever needed help."
Y1,1,CCHD-957X-25-49.152,Crystek,CCHD-957X-25-49.152,Oscillator_SMD_Crystek_CCHD-957_9x14mm,+3V3_CLK,VERIFIED,"1024x the element clock. Standby tri-states the output, which is what makes one shared OSC_RAW net legal. Footprint drawn here; its pad NUMBERING is still unresolved. 0012."
Y2,1,CCHD-957X-25-45.1584,Crystek,CCHD-957X-25-45.1584,Oscillator_SMD_Crystek_CCHD-957_9x14mm,+3V3_CLK,VERIFIED,"As Y1, for the 44.1 kHz family."
C1-C64,16,100nF,,,C_0402_1005Metric,,GROUPED,"Capacitors, grouped by value. 16 places."
C55 C56,2,100pF C0G,,,C_0402_1005Metric,,GROUPED,"Capacitors, grouped by value. 2 places."
C3-C30,28,180pF C0G,,,C_0402_1005Metric,,GROUPED,"Capacitors, grouped by value. 28 places."
C37 C38 C41 C42,4,2.0nF C0G 2%,,,C_0603_1608Metric,,GROUPED,"Capacitors, grouped by value. 4 places."
C47 C48 C49 C50,4,3.9nF C0G 2%,,,C_0603_1608Metric,,GROUPED,"Capacitors, grouped by value. 4 places."
C32 C34 C35 C36 C52 C54,6,10uF,,,C_0805_2012Metric,,GROUPED,"Capacitors, grouped by value. 6 places."
C31 C33 C51 C53,4,4.7uF,,,C_0805_2012Metric,,GROUPED,"Capacitors, grouped by value. 4 places."
R8 R9,2,100R,,,R_0402_1005Metric,,GROUPED,"Resistors, grouped by value. 2 places."
R1 R2 R3,3,100k,,,R_0402_1005Metric,,GROUPED,"Resistors, grouped by value. 3 places."
R4 R14,2,10k,,,R_0402_1005Metric,,GROUPED,"Resistors, grouped by value. 2 places."
R13,1,1k,,,R_0402_1005Metric,,GROUPED,"Resistors, grouped by value. 1 places."
R7,1,24.9k 0.1%,,,R_0402_1005Metric,,GROUPED,"Resistors, grouped by value. 1 places."
R12,1,24.9k 1%,,,R_0402_1005Metric,,GROUPED,"Resistors, grouped by value. 1 places."
R5 R6,2,33.2k 0.1%,,,R_0402_1005Metric,,GROUPED,"Resistors, grouped by value. 2 places."
R10,1,40.2k 0.1%,,,R_0402_1005Metric,,GROUPED,"Resistors, grouped by value. 1 places."
R11,1,49.9k 0.1%,,,R_0402_1005Metric,,GROUPED,"Resistors, grouped by value. 1 places."
RN8-RN14,7,1.65k 0.1% thin film,,,R_Array_Concave_4x0402,,GROUPED,"Resistors, grouped by value. 7 places."
RN1-RN7,7,1.69k 0.1% thin film,,,R_Array_Concave_4x0402,,GROUPED,"Resistors, grouped by value. 7 places."
RN16 RN17,2,"200R, 0.1% RATIO matched, thin film array",,,R_Array_Concave_4x0402,,GROUPED,"Resistors, grouped by value. 2 places."
RN15,1,402R 0.1% thin film,,,R_Array_Concave_4x0402,,GROUPED,"Resistors, grouped by value. 1 places."
